{
  "obj_dw_tv_curtain_tennanpc": "spr_tenna_armsup_annoyed",
  "obj_tenna_enemy": "spr_tenna_pose_podium",
  "obj_board_healthbar": "spr_board_healthbar",
  "obj_flowerking": "bg_building_flowershop",
  "obj_board_freeroam_trigger": "spr_board_freeroamTrigger",
  "obj_chefs_jumpcatchtxt": "spr_chefs_catch",
  "obj_board_event_sphinx_tenna": "spr_board_sphinx_base",
  "obj_tm_quizletter": "spr_tm_letters",
  "obj_rouxls_biplane_flag": "spr_rouxls_biplane_flag",
  "obj_posterchecker": "spr_dw_green_room_poster_left",
  "obj_board_quiztile": "spr_board_tile_quiz",
  "obj_dw_ch3_teevie_marquee": "spr_marquee_debug",
  "obj_dw_ranking_t_explain": "spr_dw_ranking_t_explain",
  "obj_tenna_zoom": "spr_tenna_grasp_zoom_static",
  "obj_tenna_shimmyarms": "spr_tenna_laugh_pose_segmented_body",
  "obj_chefs_food": "spr_chefs_food",
  "obj_ch3_latenitesign": "spr_dw_ch3_latenitesign",
  "obj_board_treasuremarker": "spr_board_treasuremarker",
  "obj_tenna_snap": "spr_tenna_snap_body",
  "obj_tenna_board4_enemy": "spr_tenna_pose_podium",
  "obj_castle_house": "spr_castle_shop",
  "obj_castle_cafe": "spr_castle_cafe",
  "obj_castle_dojo": "spr_castle_dojo",
  "obj_castle_restaurant": "spr_castle_restaurant",
  "obj_castle_shop": "spr_castle_shop_new",
  "obj_funnytext": "spr_funnytext_free",
  "obj_susiezilla_singlescreen_hud_time": "spr_susiezilla_hudguy_tim",
  "obj_gameoverbg": "spr_gameoverbg_neo",
  "obj_dw_ch3_b3bs_officesign": "spr_dw_ch3_b3bs_officesign_strip2",
  "obj_susiezilla_statue": "spr_tenna_point_up"
}