{
  "room_town_north": [
    {
      "sprite": "bg_building_cattyhouse",
      "type": "tile",
      "x": "495",
      "y": "0",
      "depth": "950000",
      "layer": "Compatibility_Tiles_Depth_950000",
      "source_x": "0",
      "source_y": "0",
      "hmm": "bg_building_cattyhouse (UndertaleSprite)"
    },
    {
      "sprite": "bg_building_flowershop",
      "type": "tile",
      "x": "1220",
      "y": "-38",
      "depth": "950000",
      "layer": "Compatibility_Tiles_Depth_950000",
      "source_x": "0",
      "source_y": "0",
      "hmm": "bg_building_flowershop (UndertaleSprite)"
    }
  ],
  "room_town_mid": [
    {
      "sprite": "bg_building_icee_sign",
      "type": "tile",
      "x": "276",
      "y": "4",
      "depth": "5000",
      "layer": "Compatibility_Tiles_Depth_5000",
      "source_x": "0",
      "source_y": "0",
      "hmm": "bg_building_icee_sign (UndertaleSprite)"
    },
    {
      "sprite": "bg_building_store",
      "type": "tile",
      "x": "940",
      "y": "-50",
      "depth": "990000",
      "layer": "Compatibility_Tiles_Depth_990000",
      "source_x": "0",
      "source_y": "0",
      "hmm": "bg_building_store (UndertaleSprite)"
    },
    {
      "sprite": "bg_building_diner",
      "type": "tile",
      "x": "500",
      "y": "-20",
      "depth": "990000",
      "layer": "Compatibility_Tiles_Depth_990000",
      "source_x": "0",
      "source_y": "0",
      "hmm": "bg_building_diner (UndertaleSprite)"
    },
    {
      "sprite": "bg_building_icee",
      "type": "tile",
      "x": "265",
      "y": "-25",
      "depth": "990000",
      "layer": "Compatibility_Tiles_Depth_990000",
      "source_x": "0",
      "source_y": "0",
      "hmm": "bg_building_icee (UndertaleSprite)"
    }
  ],
  "room_town_south": [
    {
      "sprite": "bg_policebarricade",
      "type": "tile",
      "x": "0",
      "y": "110",
      "depth": "980000",
      "layer": "Compatibility_Tiles_Depth_980000",
      "source_x": "0",
      "source_y": "0",
      "hmm": "bg_policebarricade (UndertaleSprite)"
    },
    {
      "sprite": "bg_policebarricade",
      "type": "tile",
      "x": "-35",
      "y": "100",
      "depth": "980000",
      "layer": "Compatibility_Tiles_Depth_980000",
      "source_x": "0",
      "source_y": "0",
      "hmm": "bg_policebarricade (UndertaleSprite)"
    },
    {
      "sprite": "bg_building_library",
      "type": "tile",
      "x": "960",
      "y": "0",
      "depth": "990000",
      "layer": "Compatibility_Tiles_Depth_990000",
      "source_x": "0",
      "source_y": "0",
      "hmm": "bg_building_library (UndertaleSprite)"
    },
    {
      "sprite": "bg_building_police",
      "type": "tile",
      "x": "230",
      "y": "0",
      "depth": "990000",
      "layer": "Compatibility_Tiles_Depth_990000",
      "source_x": "0",
      "source_y": "0",
      "hmm": "bg_building_police (UndertaleSprite)"
    },
    {
      "sprite": "bg_building_hospital",
      "type": "tile",
      "x": "504",
      "y": "-4",
      "depth": "990000",
      "layer": "Compatibility_Tiles_Depth_990000",
      "source_x": "0",
      "source_y": "0",
      "hmm": "bg_building_hospital (UndertaleSprite)"
    }
  ],
  "room_town_school": [
    {
      "sprite": "bg_building_school",
      "type": "tile",
      "x": "209",
      "y": "-55",
      "depth": "950000",
      "layer": "Compatibility_Tiles_Depth_950000",
      "source_x": "0",
      "source_y": "0",
      "hmm": "bg_building_school (UndertaleSprite)"
    }
  ],
  "room_town_church": [
    {
      "sprite": "bg_building_townhall_layer2",
      "type": "tile",
      "x": "480",
      "y": "0",
      "depth": "5000",
      "layer": "Compatibility_Tiles_Depth_5000",
      "source_x": "0",
      "source_y": "0",
      "hmm": "bg_building_townhall_layer2 (UndertaleSprite)"
    },
    {
      "sprite": "bg_building_townhall",
      "type": "tile",
      "x": "480",
      "y": "0",
      "depth": "990000",
      "layer": "Compatibility_Tiles_Depth_990000",
      "source_x": "0",
      "source_y": "0",
      "hmm": "bg_building_townhall (UndertaleSprite)"
    }
  ],
  "room_library": [
    {
      "sprite": "bg_library",
      "type": "background",
      "layer": "Compatibility_Background_0_bg_library"
    }
  ],
  "room_alphysalley": [
    {
      "sprite": "bg_alphysalley",
      "type": "background",
      "layer": "Compatibility_Background_0_bg_alphysalley"
    }
  ],
  "room_lw_conbini": [
    {
      "sprite": "bg_lw_sans_conbini",
      "type": "background",
      "layer": "BACKGROUND_IMAGE"
    }
  ],
  "room_lw_icee_pizza": [
    {
      "sprite": "bg_lw_ice_e_pizza",
      "type": "background",
      "layer": "BACKGROUND_IMAGE"
    }
  ],
  "room_torielclass": [
    {
      "sprite": "bg_torielclass_ch2",
      "type": "background",
      "layer": "Compatibility_Background_0_bg_torielclass"
    }
  ],
  "room_dw_castle_restaurant": [
    {
      "sprite": "bg_dw_bakery",
      "type": "background",
      "layer": "Backgrounds_1"
    }
  ],
  "room_dw_castle_cafe": [
    {
      "sprite": "bg_dw_castle_cafe_in",
      "type": "background",
      "layer": "BG_Image"
    }
  ],
  "room_dw_ralsei_castle_2f": [
    {
      "sprite": "spr_dw_door_lancer",
      "type": "sprite",
      "layer": "ASSETS_DOORS",
      "spr_name": "graphic_12A27BB"
    }
  ],
  "room_dw_tv_cutscene1g": [
    {
      "sprite": "spr_dw_tv_prizes",
      "type": "sprite",
      "layer": "GameshowAssets_REF",
      "spr_name": "graphic_273C515F"
    },
    {
      "sprite": "spr_tenna_pose",
      "type": "sprite",
      "layer": "GameshowAssets_REF",
      "spr_name": "graphic_4D448448"
    }
  ],
  "room_board_designTest": [
    {
      "sprite": "spr_board_tile_quiz",
      "type": "sprite",
      "layer": "LayoutGuideAssets",
      "spr_name": "graphic_104C5177"
    },
    {
      "sprite": "spr_board_tile_quiz",
      "type": "sprite",
      "layer": "LayoutGuideAssets",
      "spr_name": "graphic_71D49CD4"
    },
    {
      "sprite": "spr_board_tile_quiz",
      "type": "sprite",
      "layer": "LayoutGuideAssets",
      "spr_name": "graphic_7E94A3EC"
    },
    {
      "sprite": "spr_board_tile_quiz",
      "type": "sprite",
      "layer": "LayoutGuideAssets",
      "spr_name": "graphic_3B406635"
    },
    {
      "sprite": "spr_board_tile_quiz",
      "type": "sprite",
      "layer": "LayoutGuideAssets",
      "spr_name": "graphic_2E88ADEB"
    },
    {
      "sprite": "spr_board_tile_quiz",
      "type": "sprite",
      "layer": "LayoutGuideAssets",
      "spr_name": "graphic_2A167839"
    },
    {
      "sprite": "spr_board_tile_quiz",
      "type": "sprite",
      "layer": "LayoutGuideAssets",
      "spr_name": "graphic_2AF65929"
    },
    {
      "sprite": "spr_board_tile_quiz",
      "type": "sprite",
      "layer": "LayoutGuideAssets",
      "spr_name": "graphic_5BE9AAA3"
    },
    {
      "sprite": "spr_board_tile_quiz",
      "type": "sprite",
      "layer": "LayoutGuideAssets",
      "spr_name": "graphic_2D68A80B"
    },
    {
      "sprite": "spr_board_tile_quiz",
      "type": "sprite",
      "layer": "LayoutGuideAssets",
      "spr_name": "graphic_9AB66D3"
    },
    {
      "sprite": "spr_board_tile_quiz",
      "type": "sprite",
      "layer": "LayoutGuideAssets",
      "spr_name": "graphic_7758FE3E"
    },
    {
      "sprite": "spr_board_tile_quiz",
      "type": "sprite",
      "layer": "LayoutGuideAssets",
      "spr_name": "graphic_32037BF3"
    },
    {
      "sprite": "spr_board_tile_quiz",
      "type": "sprite",
      "layer": "LayoutGuideAssets",
      "spr_name": "graphic_A21359F"
    },
    {
      "sprite": "spr_board_tile_quiz",
      "type": "sprite",
      "layer": "LayoutGuideAssets",
      "spr_name": "graphic_4082A8FE"
    },
    {
      "sprite": "spr_board_tile_quiz",
      "type": "sprite",
      "layer": "LayoutGuideAssets",
      "spr_name": "graphic_6DFDD218"
    },
    {
      "sprite": "spr_board_tile_quiz",
      "type": "sprite",
      "layer": "LayoutGuideAssets",
      "spr_name": "graphic_9E433A7"
    },
    {
      "sprite": "spr_board_tile_quiz",
      "type": "sprite",
      "layer": "LayoutGuideAssets",
      "spr_name": "graphic_174B23AA"
    }
  ],
  "room_dw_green_room": [
    {
      "sprite": "spr_dw_green_room_bar_back",
      "type": "sprite",
      "layer": "ASSETS_FURNITURE",
      "spr_name": "graphic_7D92A54D"
    },
    {
      "sprite": "spr_dw_green_room_door_changing",
      "type": "sprite",
      "layer": "ASSETS_FURNITURE",
      "spr_name": "graphic_329ACE7D"
    },
    {
      "sprite": "spr_dw_green_room_poster",
      "type": "sprite",
      "layer": "ASSETS_FURNITURE",
      "spr_name": "graphic_494E46D2"
    }
  ],
  "room_perspective_testing": [
    {
      "sprite": "spr_dw_green_room_poster_left",
      "type": "sprite",
      "layer": "ASSETS_FURNITURE",
      "spr_name": "graphic_2FA23BD6_1"
    }
  ],
  "room_board_3": [
    {
      "sprite": "spr_board_b3stairdoor",
      "type": "sprite",
      "layer": "BOARD_Assets",
      "spr_name": "graphic_3A0AEB6C"
    }
  ],
  "room_dw_b3bs_interstitial": [
    {
      "sprite": "bg_dw_b3bs_interstitial",
      "type": "sprite",
      "layer": "BG",
      "spr_name": "graphic_7279B7BE"
    }
  ],
  "room_dw_inbetween": [
    {
      "sprite": "spr_dw_inbetween_room_door",
      "type": "sprite",
      "layer": "ASSETS_Door",
      "spr_name": "graphic_6D8E6833"
    }
  ],
  "room_dw_susiezilla_empty": [
    {
      "sprite": "spr_dw_susiezilla_bg_empty",
      "type": "sprite",
      "layer": "BACKGROUND",
      "spr_name": "graphic_5E7B8710"
    }
  ],
  "room_board_3b": [
    {
      "sprite": "spr_board_b3stairdoor_big",
      "type": "sprite",
      "layer": "BOARD_Assets",
      "spr_name": "graphic_3D87E924"
    }
  ],
  "room_dw_teevie_susiezilla": [
    {
      "sprite": "spr_susiezilla_background",
      "type": "sprite",
      "layer": "BG_Sprites",
      "spr_name": "graphic_7CA4907"
    }
  ],
  "room_dw_ranking_hub": [
    {
      "sprite": "spr_dw_ranking_door_a",
      "type": "sprite",
      "layer": "ASSETS_Doors",
      "spr_name": "graphic_4888DC32"
    },
    {
      "sprite": "spr_dw_ranking_door_b",
      "type": "sprite",
      "layer": "ASSETS_Doors",
      "spr_name": "graphic_73580947"
    },
    {
      "sprite": "spr_dw_ranking_door_c",
      "type": "sprite",
      "layer": "ASSETS_Doors",
      "spr_name": "graphic_1E282747"
    }
  ]
}