{
  "836": "spr_gameshow_screen_theend_bonus",
  "1487": "spr_susie_wan_sign",
  "2": "IMAGE_LOGO_CENTER_HEART",
  "2756": "spr_acrade_draw",
  "4186": "spr_tenna_pose_podium",
  "1597": "spr_tenna_nose_blossom_bloom",
  "4559": "spr_board_tvtimelogo",
  "3518": "spr_board_healthbar",
  "3972": "spr_dw_ranking_door_z",
  "2745": "spr_arcade_time",
  "4764": "spr_sneo_playback",
  "4485": "spr_funnytext_bonus_round",
  "3559": "spr_castle_dojo",
  "3373": "spr_dw_tv_prizes",
  "634": "spr_board_b3stairdoor_big",
  "1833": "spr_quiz_answer_cursor",
  "4778": "spr_dw_ranking_door_a",
  "3459": "bg_building_icee_sign",
  "2843": "spr_funnytext_tv_time",
  "4055": "spr_dw_interstitial_poster_next",
  "3939": "spr_btact_fail1",
  "149": "spr_gameshow_screen_chef_logo",
  "1382": "spr_tenna_pose_headraised_zoom_greenscreen",
  "4788": "bg_dw_b3bs_interstitial",
  "3479": "bg_building_cattyhouse",
  "2049": "spr_tenna_pose_headlowered",
  "4102": "spr_dw_green_room_bar_back",
  "4221": "spr_lancer_susie_highfive",
  "1950": "spr_tenna_desperate",
  "3970": "spr_chef_screen_logo",
  "1414": "bg_dw_tvland_backstage_tiles_old",
  "3890": "spr_board_b2_lancerhint",
  "2914": "spr_funnytext_game_over",
  "3975": "bg_dw_tvland_stage_tiles_old",
  "3277": "spr_gigaqueen_intro_round1",
  "2475": "spr_board_quiztile",
  "1935": "spr_hopeometer_hope",
  "464": "spr_funnytext_resumes",
  "1569": "spr_dw_gameshow_screen_round_3_bonus_backup",
  "3578": "spr_dw_interstitial_doors_sign_outline",
  "4983": "spr_board_sleep",
  "2055": "spr_tenna_pose_headraised_nose",
  "2913": "spr_board_sphinx_base",
  "4585": "spr_dw_tv_tvtimeSign_quizwipe",
  "4626": "spr_tenna_tie_adjust_c",
  "2713": "spr_tenna_tie_adjust_b",
  "350": "spr_dw_susiezilla_bg_empty",
  "3046": "spr_ch2_keyboard_tile_text",
  "4690": "spr_dw_tv_prize_talkback",
  "4841": "spr_board_inventory_q",
  "4233": "spr_board_b3stairdoor",
  "1228": "spr_board_b3stairs",
  "883": "spr_funnytext_special",
  "2806": "spr_tiredmark",
  "3754": "spr_quiz_results",
  "1272": "spr_funnytext_big",
  "1684": "spr_tenna_pose_headlowered_nose",
  "1817": "spr_funnytext_stop",
  "2848": "spr_headralsei",
  "4481": "spr_board_treasuremarker_lmarkonly",
  "223": "spr_face_rurus_piratehat",
  "2323": "spr_tenna_snap_body",
  "1900": "spr_tm_letters",
  "723": "spr_dw_tv_tvtimeSign_animated",
  "4636": "spr_board_treasuremarker",
  "2571": "spr_tv_counter_letters",
  "1991": "spr_tenna_tie_adjust_a",
  "2847": "spr_headkris",
  "2112": "spr_gameshow_halloffame_right",
  "3397": "bg_torielclass",
  "4936": "spr_susiezilla_background",
  "4986": "spr_tenna_grasp_chef2",
  "2052": "spr_zapper_caption2",
  "4402": "spr_board_yogurtemergency",
  "3453": "bg_building_townhall_layer2",
  "2851": "spr_headnoelle",
  "3893": "spr_rouxls_biplane_flag",
  "2572": "spr_dw_interstitial_doors_sign",
  "3442": "bg_building_school",
  "1015": "spr_tenna_grasp_anim",
  "4406": "spr_tenna_point_droop",
  "3450": "bg_building_townhall",
  "3573": "spr_dw_door_lancer",
  "3142": "spr_gameshow_halloffame_left",
  "3654": "spr_dw_tv_time_02",
  "3760": "spr_dw_gameshow_screen_bonus_confirmed",
  "2753": "spr_acrade_fightagain",
  "19": "spr_gigaqueen_intro_fight",
  "4614": "spr_tenna_snap_body_f2",
  "130": "spr_funnytext_over_small",
  "228": "spr_dw_tv_time_03",
  "3472": "bg_building_flowershop",
  "4473": "spr_dw_tv_time_intro",
  "1398": "spr_tplogo",
  "3931": "spr_board_freeroamTrigger",
  "4917": "spr_dw_tv_time_01",
  "105": "spr_tenna_kick",
  "2167": "spr_chirashi_bullet",
  "3438": "spr_flowershop_sign",
  "2600": "IMAGE_LOGO_CENTER_SEPARATE",
  "234": "spr_board_game_title",
  "798": "spr_btspade_success2",
  "4348": "spr_marquee_debug",
  "3418": "bg_library",
  "3405": "spr_dw_green_room_door_changing",
  "3648": "bg_torielclass_ch2",
  "4818": "spr_smashreveal3",
  "4458": "spr_zapper_caption3",
  "3178": "spr_tenna_pose_headraised_zoom",
  "2247": "spr_btspade_success",
  "3781": "spr_board_b3tvtower",
  "1139": "spr_tenna_hooray_alt",
  "4702": "spr_rhythmgame_bg_spotlights",
  "2885": "spr_dw_interstitial_doors",
  "1325": "spr_gameshow_screen_halloffame",
  "4042": "spr_dw_tv_time_04",
  "1054": "spr_elevator_floornum",
  "1526": "spr_btact_red",
  "4879": "spr_arcade_fight",
  "3002": "spr_tenna_nose_blossom",
  "2285": "spr_tenna_pose_headraised",
  "3370": "spr_tenna_whisper_blush",
  "1369": "spr_chartarget",
  "2750": "spr_queen_hp",
  "3958": "spr_gameshow_screen_theend_bonus_bonus",
  "654": "spr_gameshow_screen_round_1_end",
  "777": "spr_dw_tv_mysterySign_half",
  "3598": "bg_dw_castle_music_shop",
  "882": "spr_tenna_hooray_chef",
  "4118": "spr_tenna_hooray",
  "3937": "spr_tenna_laugh_pose_alt",
  "2127": "spr_ch3_wheel_center",
  "41": "spr_board_game_title_tvtime",
  "4197": "spr_dw_teevie_tv_shows_tenna3",
  "841": "spr_dw_tv_tvtimeSign_half",
  "4435": "spr_dw_ch3_latenitesign",
  "3441": "bg_building_diner",
  "3622": "bg_dw_music_ext",
  "4684": "spr_quiz_thisbutton",
  "3110": "spr_btheart",
  "2844": "spr_dw_green_room_poster_left",
  "3436": "bg_building_store",
  "456": "spr_tenna_grasp_chef",
  "4333": "spr_arcade_round1",
  "3645": "bg_dw_bakery",
  "4008": "spr_screen_the_end",
  "2852": "spr_hpname",
  "2605": "spr_spare_z",
  "3060": "spr_tenna_grasp_zoom",
  "4988": "spr_gigaqueen_intro_round3",
  "3055": "spr_funnytext_round",
  "4814": "spr_dw_ranking_door_b",
  "4032": "spr_tenna_t_pose",
  "4738": "spr_tenna_whisper_chef",
  "171": "spr_funnytext_over",
  "772": "spr_susiezilla_hudguy_tim",
  "2736": "spr_gameshow_screen_theend_round_1",
  "4098": "spr_tenna_point_at_screen",
  "2232": "spr_tenna_hooray_armsup",
  "3624": "bg_dw_music_ext_original",
  "1825": "spr_dw_poster_band",
  "3839": "spr_tenna_pose_podium_evil",
  "2751": "spr_acrade_retire",
  "484": "spr_btact_ex",
  "3517": "spr_dw_ranking_door_c",
  "3930": "spr_tenna_point_at_screen_c",
  "3701": "spr_tenna_grasp_b",
  "3156": "spr_gigaqueen_intro_round2",
  "1396": "spr_btact_fail2",
  "4643": "spr_board_q",
  "4033": "spr_tenna_whisper",
  "2749": "spr_hero_hp",
  "3872": "spr_tenna_grasp_c",
  "4657": "spr_funnytext_game",
  "1741": "spr_tenna_point_at_screen_b",
  "3603": "spr_funnytext_rounds",
  "2011": "spr_dw_tv_prize_gum",
  "3327": "spr_tenna_laugh_pose",
  "1": "IMAGE_LOGO_CENTER",
  "3483": "spr_tenna_twirl",
  "2825": "spr_bnamethrash",
  "3443": "bg_policebarricade",
  "2849": "spr_headsusie",
  "3827": "spr_board_tile_quiz",
  "4611": "spr_tenna_armsup_annoyed",
  "2954": "spr_tenna_jumpscare",
  "824": "spr_tenna_t_pose_uncleaned",
  "2867": "spr_castle_shop",
  "1403": "spr_tenna_laugh_pose_segmented_body",
  "2794": "spr_rhythmgame_bg",
  "2744": "spr_arcade_youlose",
  "3837": "spr_recovery_platform_glow",
  "3999": "spr_tenna_grasp_d",
  "3627": "bg_lw_ice_e_pizza",
  "3637": "bg_lw_sans_conbini",
  "3563": "spr_castle_shop_new",
  "1218": "spr_dw_tv_funometer_base",
  "537": "spr_dw_tv_funometer_hopeText",
  "2491": "saloon_Train_NoneMove",
  "3546": "IMAGE_LOGO_CENTER_CHAPTERNUMBER",
  "232": "spr_face_queen",
  "2601": "spr_tenna_laugh_pose_teeth",
  "2040": "spr_gameshow_screen_logo",
  "183": "spr_tenna_fall_start",
  "4272": "spr_dw_tv_time_intro_loop",
  "466": "spr_ch3_gameshow_round",
  "139": "spr_tenna_grasp_zoom_static",
  "3455": "bg_building_library",
  "2041": "spr_checkers_milk",
  "1451": "spr_dw_green_room_poster",
  "4537": "spr_tenna_sad",
  "2755": "spr_acrade_giveup",
  "3634": "spr_gameoverbg_neo",
  "4735": "spr_tenna_attack_mouth_open",
  "4218": "spr_tenna_frightened",
  "773": "spr_tenna_grasp",
  "2277": "spr_shootout_train_new",
  "4003": "spr_dw_green_room_bar_front",
  "3763": "spr_chefs_catch",
  "683": "spr_dw_teevie_rhythm_bg",
  "3457": "bg_building_icee",
  "3322": "spr_dw_tv_tvtimeSign_off",
  "2980": "spr_gameshow_screen_theend",
  "3235": "spr_dw_ranking_t_explain",
  "923": "spr_funnytext_free",
  "2559": "spr_maus_intext",
  "3514": "spr_lw_conbini_open",
  "4886": "spr_ch3_GSA01G_tvtimescreenshot",
  "4931": "spr_dw_teevie_tv_shows",
  "4409": "spr_quiz_images",
  "163": "spr_board_yogurtemergency_text",
  "4299": "spr_chefs_food",
  "3207": "spr_dw_tv_funometer_hope",
  "4462": "spr_funnytext_round_1",
  "3947": "spr_gameshow_screen_logo_white",
  "1964": "spr_chef_tutorial_03",
  "22": "spr_tenna_attack",
  "1223": "spr_funnytext_breaking_news",
  "1390": "spr_pressfront_b",
  "4244": "spr_dw_tv_time_funnytext",
  "580": "spr_tenna_attack_clapvfx",
  "587": "spr_tenna_snap",
  "3247": "spr_dw_tv_time_sample",
  "3015": "spr_dw_tv_funometer_base_1x",
  "1011": "spr_dw_poster_chef",
  "4113": "spr_dw_tv_tvtimeSign_off_gray",
  "124": "spr_tenna_hooray_armsup_teeth",
  "4858": "spr_btheart_success1",
  "1963": "spr_werewire_zzt_text",
  "3555": "spr_castle_cafe",
  "3407": "bg_alphysalley",
  "1682": "spr_gameshow_screen_theend_bonus_start",
  "3560": "spr_castle_restaurant",
  "4418": "spr_susiezilla_singlescreen_hpbar",
  "3440": "bg_building_hospital",
  "3676": "spr_dw_gameshow_screen_news",
  "3113": "spr_gameoverbg",
  "4957": "spr_tenna_grasp_anim_b",
  "1523": "spr_zapper_volume_text",
  "4203": "spr_tvlandfont",
  "4546": "spr_dw_tv_tvtimeSign",
  "270": "spr_tenna_pose",
  "3456": "bg_building_police",
  "3658": "bg_dw_dojo_help",
  "1671": "spr_btheart_success2",
  "1091": "spr_dw_gameshow_screen_round_3_bonus",
  "468": "spr_dw_inbetween_room_door",
  "2953": "spr_ch2_gimmick_bombtext_0",
  "3615": "bg_dw_castle_cafe_in",
  "3778": "spr_shootout_train",
  "4749": "spr_tenna_laugh",

  "1422": "spr_tenna_point_up_b",
  "1929": "spr_tenna_point_top",
  "3281": "spr_tenna_point_up_twofingers",
  "4240": "spr_tenna_point_up"

}