{
  "obj_gigaqueen_intro_fight": "spr_gigaqueen_intro_fight",
  "obj_flowerking": "bg_building_flowershop",
  "obj_nubertQueenScreen": "spr_queenscreen",
  "obj_castle_cafe": "spr_castle_cafe",
  "obj_castle_dojo": "spr_castle_dojo",
  "obj_castle_restaurant": "spr_castle_restaurant",
  "obj_castle_shop": "spr_castle_shop_new",
  "obj_castle_house": "spr_castle_shop",
  "obj_queenscreen": "spr_queenscreen",
  "obj_dogcar_gameover": "spr_gameoverbg",
  "obj_cybercity_bg_screen": "spr_ch2_cityscreen",
  "obj_cybercity_mousesign": "spr_city_mice_sign_01",
  "obj_queenscreen_large": "spr_queenscreen_large",
  "obj_berdlyb_chirashibullet": "spr_chirashi_bullet",
  "obj_queen_search_window": "spr_queenscreen",
  "obj_recruitanim": "spr_battlemsg",
  "obj_ch2_scene26_powers_combined": "spr_cutscene_26_berdly_statue",
  "obj_ch2_scene26_powers_combined_old": "spr_dw_mansion_toilet",
  "obj_gigaqueen_intro_round": "spr_gigaqueen_intro_round1",
  "obj_mansion_switch": "spr_mansion_switch_light",
  "obj_gameoverbg": "spr_gameoverbg_neo",
  "obj_tm_quizletter": "spr_tm_letters",
  "obj_werewire_spare2": "spr_plugboy_shock"
}